al_datadict_item_properties,al_datadict_item_column_data_type,key,title,description,"""admite nulos | allows nulls""","""campo clave (llave) | unique key""","""clasificación datos sensibles | confidentiality level""","""contiene información sensible | contains sensible information""",data custodian:user,data steward:groupprofile,data steward:user,"""fórmula | formula""","""longitud regulada | regulated length""","""nivel confidencialidad | confidentiality level""","""origen del dato | data origin""","""reglas de calidad de datos | data quality rules""","""reutilizable | reusable ♻️"""
oid=98461;otype=table,,dbzdev_mex_oxxo.cons_dti_dataquality.FACT_METRICAS_GENERALES,Fact Métricas Generales ,🎯 Propósito de la Tabla: Tabla donde se almacenan la métricas generales de calidad de las tablas Transaccionales. 🗓️ Frecuencia de Actualización: Semanalmente todos los miércoles a la 1 PM (se actualizan las últimas 5 semanas). Mensualmente todos los días 15 a la 6 AM (se actualizan los 2 últimos meses). ⏱️ Lógica de Actualización: Triggers: 188_TR_Monitoreo_Quality_Semanal 188_TR_Monitoreo_Quality_Mensual Pipelines: 188_PL_MONITOREO_VERSION_SEMANAL 188_PL_MONITOREO_VERSION_MENSUAL,_,_,_,_,,,,_,_,_,_,_,Si
oid=169209;otype=attribute,VARCHAR(35),2.DBZDEV_MEX_OXXO.CONS_DTI_DATAQUALITY.FACT_METRICAS_GENERALES.CODIGO_TABLA,Código único Tabla,Identificador único para realizar el JOIN de la tabla,No,No,_,,emilia.jacome@oxxo.com,emilia.jacome@oxxo.com,_,_,_,_,_,_,_
oid=170058;otype=attribute,VARCHAR(3),2.DBZDEV_MEX_OXXO.CONS_DTI_DATAQUALITY.FACT_METRICAS_GENERALES.ID_FUENTE,Identificador de la Fuente,Identificador del sistema fuente de información,No,No,_,,emilia.jacome@oxxo.com,emilia.jacome@oxxo.com,_,_,_,_,_,_,_
oid=170059;otype=attribute,VARCHAR(15),2.DBZDEV_MEX_OXXO.CONS_DTI_DATAQUALITY.FACT_METRICAS_GENERALES.ID_PERIODO,Identificador del Periodo,Fecha que corresponde al periodo de la tabla,No,No,_,,emilia.jacome@oxxo.com,emilia.jacome@oxxo.com,_,_,_,_,_,_,_
oid=170432;otype=attribute,TIMESTAMP_NTZ,2.DBZDEV_MEX_OXXO.CONS_DTI_DATAQUALITY.FACT_METRICAS_GENERALES.FECHA_CONSULTA,Fecha de Consulta,Fecha en la que se realizó la consulta,No,No,_,,emilia.jacome@oxxo.com,emilia.jacome@oxxo.com,_,_,_,_,_,_,_
oid=171277;otype=attribute,VARCHAR(3),2.DBZDEV_MEX_OXXO.CONS_DTI_DATAQUALITY.FACT_METRICAS_GENERALES.ID_TABLA,Identificador de la Tabla,Identificador de la Tabla (Abreviatura).,No,No,_,,emilia.jacome@oxxo.com,emilia.jacome@oxxo.com,_,_,_,_,_,_,_
oid=172820;otype=attribute,VARCHAR(10),2.DBZDEV_MEX_OXXO.CONS_DTI_DATAQUALITY.FACT_METRICAS_GENERALES.ID_TIENDA,Identificador de la Tienda,Id único de cada tienda. Concatenado entre MEGAPLAZA_CVE + TIENDA_CVE,No,No,_,,emilia.jacome@oxxo.com,emilia.jacome@oxxo.com,_,_,_,_,_,_,_
oid=173040;otype=attribute,BOOLEAN,2.DBZDEV_MEX_OXXO.CONS_DTI_DATAQUALITY.FACT_METRICAS_GENERALES.ULTIMA_ACTUALIZACION,¿Es última actualización?,Indica si es la última actualización para esa tabla periodo,No,No,_,,emilia.jacome@oxxo.com,emilia.jacome@oxxo.com,_,_,_,_,_,_,_
oid=174288;otype=attribute,VARCHAR(50),2.DBZDEV_MEX_OXXO.CONS_DTI_DATAQUALITY.FACT_METRICAS_GENERALES.ID_CONSULTA,Identificador de la Consulta,"id del registro/consulta Construcción: Abreviatura_Fuente + ""_"" + Abreviatura_Tabla + ""_"" + periodo + ""_"" +ID_Tienda + ""_"" + fecha_consulta(""año""""mes""""dia"", ""hora"", ""minuto"")",No,No,_,,emilia.jacome@oxxo.com,emilia.jacome@oxxo.com,_,_,_,_,_,_,_
